,EatsVeggies,IsAmazing
0,True,True
1,True,True
2,True,True
3,True,True
4,True,True
5,True,True
6,True,True
7,True,True
8,True,True
9,True,True
10,True,True
11,True,True
12,True,True
13,True,True
14,True,True
15,True,True
16,True,True
17,True,True
18,True,True
19,True,True
20,True,True
21,True,True
22,True,True
23,True,True
24,True,True
25,True,True
26,True,True
27,True,True
28,True,True
29,True,True
30,True,True
31,True,True
32,True,True
33,True,True
34,True,True
35,True,True
36,True,True
37,True,True
38,True,True
39,True,True
40,True,True
41,True,True
42,True,True
43,True,True
44,True,True
45,True,True
46,True,True
47,True,True
48,True,True
49,True,True
50,True,True
51,True,True
52,True,True
53,True,True
54,True,True
55,True,True
56,True,True
57,True,True
58,True,True
59,True,True
60,True,True
61,True,True
62,True,True
63,True,True
64,True,True
65,True,True
66,True,True
67,True,True
68,True,True
69,True,True
70,True,True
71,True,True
72,True,True
73,True,True
74,True,True
75,True,True
76,True,True
77,True,True
78,True,True
79,True,True
80,True,True
81,True,True
82,True,True
83,True,True
84,True,True
85,True,True
86,True,True
87,True,True
88,True,True
89,True,True
90,True,True
91,True,True
92,True,True
93,True,True
94,True,True
95,True,True
96,True,True
97,True,True
98,True,True
99,True,True
100,True,True
101,True,True
102,True,True
103,True,True
104,True,True
105,True,True
106,True,True
107,True,True
108,True,True
109,True,True
110,True,True
111,True,True
112,True,True
113,True,True
114,True,True
115,True,True
116,True,True
117,True,True
118,True,True
119,True,True
120,True,True
121,True,True
122,True,True
123,True,True
124,True,True
125,True,True
126,True,True
127,True,True
128,True,True
129,True,True
130,True,True
131,True,True
132,True,True
133,True,True
134,True,True
135,True,True
136,True,True
137,True,True
138,True,True
139,True,True
140,True,True
141,True,True
142,True,True
143,True,True
144,True,True
145,True,True
146,True,True
147,True,True
148,True,True
149,True,True
150,True,True
151,True,True
152,True,True
153,True,True
154,True,True
155,True,True
156,True,True
157,True,True
158,True,True
159,True,True
160,True,True
161,True,True
162,True,True
163,True,True
164,True,True
165,True,True
166,True,True
167,True,True
168,True,True
169,True,True
170,True,True
171,True,True
172,True,True
173,True,True
174,True,True
175,True,True
176,True,True
177,True,True
178,True,True
179,True,True
180,True,True
181,True,True
182,True,True
183,True,True
184,True,True
185,True,True
186,True,True
187,True,True
188,True,True
189,True,True
190,True,True
191,True,True
192,True,True
193,True,True
194,True,True
195,True,True
196,True,True
197,True,True
198,True,True
199,True,True
200,True,True
201,True,True
202,True,True
203,True,True
204,True,True
205,True,True
206,True,True
207,True,True
208,True,True
209,True,True
210,True,True
211,True,True
212,True,True
213,True,True
214,True,True
215,True,True
216,True,True
217,True,True
218,True,True
219,True,True
220,True,True
221,True,True
222,True,True
223,True,True
224,True,True
225,True,True
226,True,True
227,True,True
228,True,True
229,True,True
230,True,True
231,True,True
232,True,True
233,True,True
234,True,True
235,True,True
236,True,True
237,True,True
238,True,True
239,True,True
240,True,True
241,True,True
242,True,True
243,True,True
244,True,True
245,True,True
246,True,True
247,True,True
248,True,True
249,True,True
250,True,True
251,True,True
252,True,True
253,True,True
254,True,True
255,True,True
256,True,True
257,True,True
258,True,True
259,True,True
260,True,True
261,True,True
262,True,True
263,True,True
264,True,True
265,True,True
266,True,True
267,True,True
268,True,True
269,True,True
270,True,True
271,True,True
272,True,True
273,True,True
274,True,True
275,True,True
276,True,True
277,True,True
278,True,True
279,True,True
280,True,True
281,True,True
282,True,True
283,True,True
284,True,True
285,True,True
286,True,True
287,True,True
288,True,True
289,True,True
290,True,True
291,True,True
292,True,True
293,True,True
294,True,True
295,True,True
296,True,True
297,True,True
298,True,True
299,True,True
300,True,True
301,True,True
302,True,True
303,True,True
304,True,True
305,True,True
306,True,True
307,True,True
308,True,True
309,True,True
310,True,True
311,True,True
312,True,True
313,True,True
314,True,True
315,True,True
316,True,True
317,True,True
318,True,True
319,True,True
320,True,True
321,True,True
322,True,True
323,True,True
324,True,True
325,True,True
326,True,True
327,True,True
328,True,True
329,True,True
330,True,True
331,True,True
332,True,True
333,True,True
334,True,True
335,True,True
336,True,True
337,True,True
338,True,True
339,True,True
340,True,True
341,True,True
342,True,True
343,True,True
344,True,True
345,True,True
346,True,True
347,True,True
348,True,True
349,True,True
350,True,True
351,True,True
352,True,True
353,True,True
354,True,True
355,True,True
356,True,True
357,True,True
358,True,True
359,True,True
360,True,True
361,True,True
362,True,True
363,True,True
364,True,True
365,True,True
366,True,True
367,True,True
368,True,True
369,True,True
370,True,True
371,True,True
372,True,True
373,True,True
374,True,True
375,True,True
376,True,True
377,True,True
378,True,True
379,True,True
380,True,True
381,True,True
382,True,True
383,True,True
384,True,True
385,True,True
386,True,True
387,True,True
388,True,True
389,True,True
390,True,True
391,True,True
392,True,True
393,True,True
394,True,True
395,True,True
396,True,True
397,True,True
398,True,True
399,True,True
400,True,True
401,True,True
402,True,True
403,True,True
404,True,True
405,True,True
406,True,True
407,True,True
408,True,True
409,True,True
410,True,True
411,True,True
412,True,True
413,True,True
414,True,True
415,True,True
416,True,True
417,True,True
418,True,True
419,True,True
420,True,True
421,True,True
422,True,True
423,True,True
424,True,True
425,False,True
426,False,True
427,False,True
428,False,True
429,False,True
430,False,True
431,False,True
432,False,True
433,False,True
434,False,True
435,False,True
436,False,True
437,False,True
438,False,True
439,False,True
440,False,True
441,False,True
442,False,True
443,False,True
444,False,True
445,False,True
446,False,True
447,False,True
448,False,True
449,False,True
450,False,True
451,False,True
452,False,True
453,False,True
454,False,True
455,False,True
456,False,True
457,False,True
458,False,True
459,False,True
460,False,True
461,False,True
462,False,True
463,False,True
464,False,True
465,False,True
466,False,True
467,False,True
468,False,True
469,False,True
470,False,True
471,False,True
472,False,True
473,False,True
474,False,True
475,False,True
476,False,True
477,False,True
478,False,True
479,False,True
480,False,True
481,False,True
482,False,True
483,False,True
484,False,True
485,False,True
486,False,True
487,False,True
488,False,True
489,False,True
490,False,True
491,False,True
492,False,True
493,False,True
494,False,True
495,False,True
496,False,True
497,False,True
498,False,True
499,False,True
500,True,False
501,True,False
502,True,False
503,True,False
504,True,False
505,True,False
506,True,False
507,True,False
508,True,False
509,True,False
510,True,False
511,True,False
512,True,False
513,True,False
514,True,False
515,True,False
516,True,False
517,True,False
518,True,False
519,True,False
520,True,False
521,True,False
522,True,False
523,True,False
524,True,False
525,False,False
526,False,False
527,False,False
528,False,False
529,False,False
530,False,False
531,False,False
532,False,False
533,False,False
534,False,False
535,False,False
536,False,False
537,False,False
538,False,False
539,False,False
540,False,False
541,False,False
542,False,False
543,False,False
544,False,False
545,False,False
546,False,False
547,False,False
548,False,False
549,False,False
550,False,False
551,False,False
552,False,False
553,False,False
554,False,False
555,False,False
556,False,False
557,False,False
558,False,False
559,False,False
560,False,False
561,False,False
562,False,False
563,False,False
564,False,False
565,False,False
566,False,False
567,False,False
568,False,False
569,False,False
570,False,False
571,False,False
572,False,False
573,False,False
574,False,False
575,False,False
576,False,False
577,False,False
578,False,False
579,False,False
580,False,False
581,False,False
582,False,False
583,False,False
584,False,False
585,False,False
586,False,False
587,False,False
588,False,False
589,False,False
590,False,False
591,False,False
592,False,False
593,False,False
594,False,False
595,False,False
596,False,False
597,False,False
598,False,False
599,False,False
600,False,False
601,False,False
602,False,False
603,False,False
604,False,False
605,False,False
606,False,False
607,False,False
608,False,False
609,False,False
610,False,False
611,False,False
612,False,False
613,False,False
614,False,False
615,False,False
616,False,False
617,False,False
618,False,False
619,False,False
620,False,False
621,False,False
622,False,False
623,False,False
624,False,False
625,False,False
626,False,False
627,False,False
628,False,False
629,False,False
630,False,False
631,False,False
632,False,False
633,False,False
634,False,False
635,False,False
636,False,False
637,False,False
638,False,False
639,False,False
640,False,False
641,False,False
642,False,False
643,False,False
644,False,False
645,False,False
646,False,False
647,False,False
648,False,False
649,False,False
650,False,False
651,False,False
652,False,False
653,False,False
654,False,False
655,False,False
656,False,False
657,False,False
658,False,False
659,False,False
660,False,False
661,False,False
662,False,False
663,False,False
664,False,False
665,False,False
666,False,False
667,False,False
668,False,False
669,False,False
670,False,False
671,False,False
672,False,False
673,False,False
674,False,False
675,False,False
676,False,False
677,False,False
678,False,False
679,False,False
680,False,False
681,False,False
682,False,False
683,False,False
684,False,False
685,False,False
686,False,False
687,False,False
688,False,False
689,False,False
690,False,False
691,False,False
692,False,False
693,False,False
694,False,False
695,False,False
696,False,False
697,False,False
698,False,False
699,False,False
700,False,False
701,False,False
702,False,False
703,False,False
704,False,False
705,False,False
706,False,False
707,False,False
708,False,False
709,False,False
710,False,False
711,False,False
712,False,False
713,False,False
714,False,False
715,False,False
716,False,False
717,False,False
718,False,False
719,False,False
720,False,False
721,False,False
722,False,False
723,False,False
724,False,False
725,False,False
726,False,False
727,False,False
728,False,False
729,False,False
730,False,False
731,False,False
732,False,False
733,False,False
734,False,False
735,False,False
736,False,False
737,False,False
738,False,False
739,False,False
740,False,False
741,False,False
742,False,False
743,False,False
744,False,False
745,False,False
746,False,False
747,False,False
748,False,False
749,False,False
750,False,False
751,False,False
752,False,False
753,False,False
754,False,False
755,False,False
756,False,False
757,False,False
758,False,False
759,False,False
760,False,False
761,False,False
762,False,False
763,False,False
764,False,False
765,False,False
766,False,False
767,False,False
768,False,False
769,False,False
770,False,False
771,False,False
772,False,False
773,False,False
774,False,False
775,False,False
776,False,False
777,False,False
778,False,False
779,False,False
780,False,False
781,False,False
782,False,False
783,False,False
784,False,False
785,False,False
786,False,False
787,False,False
788,False,False
789,False,False
790,False,False
791,False,False
792,False,False
793,False,False
794,False,False
795,False,False
796,False,False
797,False,False
798,False,False
799,False,False
800,False,False
801,False,False
802,False,False
803,False,False
804,False,False
805,False,False
806,False,False
807,False,False
808,False,False
809,False,False
810,False,False
811,False,False
812,False,False
813,False,False
814,False,False
815,False,False
816,False,False
817,False,False
818,False,False
819,False,False
820,False,False
821,False,False
822,False,False
823,False,False
824,False,False
825,False,False
826,False,False
827,False,False
828,False,False
829,False,False
830,False,False
831,False,False
832,False,False
833,False,False
834,False,False
835,False,False
836,False,False
837,False,False
838,False,False
839,False,False
840,False,False
841,False,False
842,False,False
843,False,False
844,False,False
845,False,False
846,False,False
847,False,False
848,False,False
849,False,False
850,False,False
851,False,False
852,False,False
853,False,False
854,False,False
855,False,False
856,False,False
857,False,False
858,False,False
859,False,False
860,False,False
861,False,False
862,False,False
863,False,False
864,False,False
865,False,False
866,False,False
867,False,False
868,False,False
869,False,False
870,False,False
871,False,False
872,False,False
873,False,False
874,False,False
875,False,False
876,False,False
877,False,False
878,False,False
879,False,False
880,False,False
881,False,False
882,False,False
883,False,False
884,False,False
885,False,False
886,False,False
887,False,False
888,False,False
889,False,False
890,False,False
891,False,False
892,False,False
893,False,False
894,False,False
895,False,False
896,False,False
897,False,False
898,False,False
899,False,False
900,False,False
901,False,False
902,False,False
903,False,False
904,False,False
905,False,False
906,False,False
907,False,False
908,False,False
909,False,False
910,False,False
911,False,False
912,False,False
913,False,False
914,False,False
915,False,False
916,False,False
917,False,False
918,False,False
919,False,False
920,False,False
921,False,False
922,False,False
923,False,False
924,False,False
925,False,False
926,False,False
927,False,False
928,False,False
929,False,False
930,False,False
931,False,False
932,False,False
933,False,False
934,False,False
935,False,False
936,False,False
937,False,False
938,False,False
939,False,False
940,False,False
941,False,False
942,False,False
943,False,False
944,False,False
945,False,False
946,False,False
947,False,False
948,False,False
949,False,False
950,False,False
951,False,False
952,False,False
953,False,False
954,False,False
955,False,False
956,False,False
957,False,False
958,False,False
959,False,False
960,False,False
961,False,False
962,False,False
963,False,False
964,False,False
965,False,False
966,False,False
967,False,False
968,False,False
969,False,False
970,False,False
971,False,False
972,False,False
973,False,False
974,False,False
975,False,False
976,False,False
977,False,False
978,False,False
979,False,False
980,False,False
981,False,False
982,False,False
983,False,False
984,False,False
985,False,False
986,False,False
987,False,False
988,False,False
989,False,False
990,False,False
991,False,False
992,False,False
993,False,False
994,False,False
995,False,False
996,False,False
997,False,False
998,False,False
999,False,False
